beat	en	es
0:00	Those two numbers decided what the agent did next	
0:00	I'm Germán Massello, and this is afterimage	
0:00	It compares today's photo with the same asset, last time	
0:00	Not "is it broken", but "what changed"	
0:25	Solar Star, in California: 1.7 million solar panels	
0:25	A defect does not appear overnight. It grows	
0:25	Potential-induced degradation: about 15% a year, partly reversible if caught early	
0:25	The same holds for rust on a steel tank, or a crack in a concrete wall	
0:25	The useful question is what changed since last time	
0:25	And that means remembering what the asset looked like before	
1:00	It all runs in one Lambda container: ARM Graviton, no GPU	
1:00	Six OpenCV 5 tools over MCP. Each one measures; none of them decides	
1:00	The thresholds live in one place: a policy, in code	
1:00	Memory is a chain of baselines, superseded, never overwritten	
1:30	The app opens on sample sets for three use cases	
1:30	Solar panels, metal structures, and concrete	
1:30	I'll take the solar one: a cell that overheats	
1:30	Photo one. There is nothing to compare against yet	
1:30	So it becomes the baseline: the memory starts here	
1:30	Now the same panel, some time later	
1:30	It aligns the capture to the stored baseline with ALIKED and LightGlue	
1:30	It diffs against memory and finds what changed	
1:30	The severity score is 0.5945, over the 0.4 threshold	
1:30	So it wrote nothing. It is waiting for a person	
1:30	It asks one question: is this real damage?	
1:30	Before and now, zoomed on the spot that changed	
1:30	I confirm it. Only now is the inspection written	
1:30	And the old baseline is marked superseded	
1:30	Next, the same photo, shaken	
1:30	blur_variance is 4.1446, far under 100	The blur variance is 4.1446, far under 100
1:30	It does not analyse it. It asks for another photo while the operator is still there	
1:30	Last, something else entirely	
1:30	The alignment finds almost no matches, so it refuses instead of guessing	
3:15	Every tool call is one span in the trace	
3:15	Arguments, metrics, duration, and the policy's verdict	
3:15	One line: the metric, its value, the threshold, the branch	
3:15	The model orders the calls and writes the message. It does not decide	
3:15	Submit the wrong branch, and the loop rejects it	
3:15	It cannot move a threshold	
4:00	29 scenarios, 18 on real licensed photographs	
4:00	Branch accuracy 0.8621, defect macro F1 0.8542	Branch accuracy 0.8621. Defect macro F1, 0.8542
4:00	Mean IoU 0.7875 locating the region	Mean intersection over union, 0.7875, locating the region
4:00	Five of the 29 fail, and every one is in the report	
4:00	A delamination scored 0.3412 against 0.4, and was filed instead of escalated	
4:00	The score ignores the class its own classifier produced. That is the next fix	
4:35	Everything is open: the repo, the evaluation, the traces	
4:35	And a public endpoint with no login	
4:35	Upload a photo, and watch a number decide what happens next	
